{
  "Total" : {
    "transaction" : "Total",
    "sampleCount" : 1,
    "errorCount" : 0,
    "errorPct" : 0.0,
    "meanResTime" : 368.0,
    "medianResTime" : 368.0,
    "minResTime" : 368.0,
    "maxResTime" : 368.0,
    "pct1ResTime" : 368.0,
    "pct2ResTime" : 368.0,
    "pct3ResTime" : 368.0,
    "throughput" : 2.717391304347826,
    "receivedKBytesPerSec" : 52.567191745923914,
    "sentKBytesPerSec" : 0.3104831861413044
  },
  "HTTP Request" : {
    "transaction" : "HTTP Request",
    "sampleCount" : 1,
    "errorCount" : 0,
    "errorPct" : 0.0,
    "meanResTime" : 368.0,
    "medianResTime" : 368.0,
    "minResTime" : 368.0,
    "maxResTime" : 368.0,
    "pct1ResTime" : 368.0,
    "pct2ResTime" : 368.0,
    "pct3ResTime" : 368.0,
    "throughput" : 2.717391304347826,
    "receivedKBytesPerSec" : 52.567191745923914,
    "sentKBytesPerSec" : 0.3104831861413044
  }
}