{
  "Total" : {
    "transaction" : "Total",
    "sampleCount" : 1,
    "errorCount" : 0,
    "errorPct" : 0.0,
    "meanResTime" : 428.0,
    "medianResTime" : 428.0,
    "minResTime" : 428.0,
    "maxResTime" : 428.0,
    "pct1ResTime" : 428.0,
    "pct2ResTime" : 428.0,
    "pct3ResTime" : 428.0,
    "throughput" : 2.336448598130841,
    "receivedKBytesPerSec" : 45.17514237733645,
    "sentKBytesPerSec" : 0.2669575058411215
  },
  "HTTP Request" : {
    "transaction" : "HTTP Request",
    "sampleCount" : 1,
    "errorCount" : 0,
    "errorPct" : 0.0,
    "meanResTime" : 428.0,
    "medianResTime" : 428.0,
    "minResTime" : 428.0,
    "maxResTime" : 428.0,
    "pct1ResTime" : 428.0,
    "pct2ResTime" : 428.0,
    "pct3ResTime" : 428.0,
    "throughput" : 2.336448598130841,
    "receivedKBytesPerSec" : 45.17514237733645,
    "sentKBytesPerSec" : 0.2669575058411215
  }
}