{
  "Total" : {
    "transaction" : "Total",
    "sampleCount" : 1,
    "errorCount" : 0,
    "errorPct" : 0.0,
    "meanResTime" : 421.0,
    "medianResTime" : 421.0,
    "minResTime" : 421.0,
    "maxResTime" : 421.0,
    "pct1ResTime" : 421.0,
    "pct2ResTime" : 421.0,
    "pct3ResTime" : 421.0,
    "throughput" : 2.375296912114014,
    "receivedKBytesPerSec" : 45.998181413301666,
    "sentKBytesPerSec" : 0.27139622921615203
  },
  "HTTP Request" : {
    "transaction" : "HTTP Request",
    "sampleCount" : 1,
    "errorCount" : 0,
    "errorPct" : 0.0,
    "meanResTime" : 421.0,
    "medianResTime" : 421.0,
    "minResTime" : 421.0,
    "maxResTime" : 421.0,
    "pct1ResTime" : 421.0,
    "pct2ResTime" : 421.0,
    "pct3ResTime" : 421.0,
    "throughput" : 2.375296912114014,
    "receivedKBytesPerSec" : 45.998181413301666,
    "sentKBytesPerSec" : 0.27139622921615203
  }
}