{
  "Total" : {
    "transaction" : "Total",
    "sampleCount" : 1,
    "errorCount" : 0,
    "errorPct" : 0.0,
    "meanResTime" : 324.0,
    "medianResTime" : 324.0,
    "minResTime" : 324.0,
    "maxResTime" : 324.0,
    "pct1ResTime" : 324.0,
    "pct2ResTime" : 324.0,
    "pct3ResTime" : 324.0,
    "throughput" : 3.0864197530864197,
    "receivedKBytesPerSec" : 59.85665027006173,
    "sentKBytesPerSec" : 0.35867573302469136
  },
  "HTTP Request" : {
    "transaction" : "HTTP Request",
    "sampleCount" : 1,
    "errorCount" : 0,
    "errorPct" : 0.0,
    "meanResTime" : 324.0,
    "medianResTime" : 324.0,
    "minResTime" : 324.0,
    "maxResTime" : 324.0,
    "pct1ResTime" : 324.0,
    "pct2ResTime" : 324.0,
    "pct3ResTime" : 324.0,
    "throughput" : 3.0864197530864197,
    "receivedKBytesPerSec" : 59.85665027006173,
    "sentKBytesPerSec" : 0.35867573302469136
  }
}