{
  "Total" : {
    "transaction" : "Total",
    "sampleCount" : 1,
    "errorCount" : 0,
    "errorPct" : 0.0,
    "meanResTime" : 414.0,
    "medianResTime" : 414.0,
    "minResTime" : 414.0,
    "maxResTime" : 414.0,
    "pct1ResTime" : 414.0,
    "pct2ResTime" : 414.0,
    "pct3ResTime" : 414.0,
    "throughput" : 2.4154589371980677,
    "receivedKBytesPerSec" : 49.12298082729469,
    "sentKBytesPerSec" : 0.28070274758454106
  },
  "HTTP Request" : {
    "transaction" : "HTTP Request",
    "sampleCount" : 1,
    "errorCount" : 0,
    "errorPct" : 0.0,
    "meanResTime" : 414.0,
    "medianResTime" : 414.0,
    "minResTime" : 414.0,
    "maxResTime" : 414.0,
    "pct1ResTime" : 414.0,
    "pct2ResTime" : 414.0,
    "pct3ResTime" : 414.0,
    "throughput" : 2.4154589371980677,
    "receivedKBytesPerSec" : 49.12298082729469,
    "sentKBytesPerSec" : 0.28070274758454106
  }
}