{
  "Total" : {
    "transaction" : "Total",
    "sampleCount" : 1,
    "errorCount" : 0,
    "errorPct" : 0.0,
    "meanResTime" : 310.0,
    "medianResTime" : 310.0,
    "minResTime" : 310.0,
    "maxResTime" : 310.0,
    "pct1ResTime" : 310.0,
    "pct2ResTime" : 310.0,
    "pct3ResTime" : 310.0,
    "throughput" : 3.225806451612903,
    "receivedKBytesPerSec" : 65.47694052419355,
    "sentKBytesPerSec" : 0.3748739919354839
  },
  "HTTP Request" : {
    "transaction" : "HTTP Request",
    "sampleCount" : 1,
    "errorCount" : 0,
    "errorPct" : 0.0,
    "meanResTime" : 310.0,
    "medianResTime" : 310.0,
    "minResTime" : 310.0,
    "maxResTime" : 310.0,
    "pct1ResTime" : 310.0,
    "pct2ResTime" : 310.0,
    "pct3ResTime" : 310.0,
    "throughput" : 3.225806451612903,
    "receivedKBytesPerSec" : 65.47694052419355,
    "sentKBytesPerSec" : 0.3748739919354839
  }
}