{
  "Total" : {
    "transaction" : "Total",
    "sampleCount" : 1,
    "errorCount" : 0,
    "errorPct" : 0.0,
    "meanResTime" : 395.0,
    "medianResTime" : 395.0,
    "minResTime" : 395.0,
    "maxResTime" : 395.0,
    "pct1ResTime" : 395.0,
    "pct2ResTime" : 395.0,
    "pct3ResTime" : 395.0,
    "throughput" : 2.5316455696202533,
    "receivedKBytesPerSec" : 49.00365901898734,
    "sentKBytesPerSec" : 0.28926028481012656
  },
  "HTTP Request" : {
    "transaction" : "HTTP Request",
    "sampleCount" : 1,
    "errorCount" : 0,
    "errorPct" : 0.0,
    "meanResTime" : 395.0,
    "medianResTime" : 395.0,
    "minResTime" : 395.0,
    "maxResTime" : 395.0,
    "pct1ResTime" : 395.0,
    "pct2ResTime" : 395.0,
    "pct3ResTime" : 395.0,
    "throughput" : 2.5316455696202533,
    "receivedKBytesPerSec" : 49.00365901898734,
    "sentKBytesPerSec" : 0.28926028481012656
  }
}