{
  "Total" : {
    "transaction" : "Total",
    "sampleCount" : 1,
    "errorCount" : 0,
    "errorPct" : 0.0,
    "meanResTime" : 336.0,
    "medianResTime" : 336.0,
    "minResTime" : 336.0,
    "maxResTime" : 336.0,
    "pct1ResTime" : 336.0,
    "pct2ResTime" : 336.0,
    "pct3ResTime" : 336.0,
    "throughput" : 2.976190476190476,
    "receivedKBytesPerSec" : 57.50674293154761,
    "sentKBytesPerSec" : 0.3400530133928571
  },
  "HTTP Request" : {
    "transaction" : "HTTP Request",
    "sampleCount" : 1,
    "errorCount" : 0,
    "errorPct" : 0.0,
    "meanResTime" : 336.0,
    "medianResTime" : 336.0,
    "minResTime" : 336.0,
    "maxResTime" : 336.0,
    "pct1ResTime" : 336.0,
    "pct2ResTime" : 336.0,
    "pct3ResTime" : 336.0,
    "throughput" : 2.976190476190476,
    "receivedKBytesPerSec" : 57.50674293154761,
    "sentKBytesPerSec" : 0.3400530133928571
  }
}