{
  "Total" : {
    "transaction" : "Total",
    "sampleCount" : 1,
    "errorCount" : 0,
    "errorPct" : 0.0,
    "meanResTime" : 321.0,
    "medianResTime" : 321.0,
    "minResTime" : 321.0,
    "maxResTime" : 321.0,
    "pct1ResTime" : 321.0,
    "pct2ResTime" : 321.0,
    "pct3ResTime" : 321.0,
    "throughput" : 3.115264797507788,
    "receivedKBytesPerSec" : 60.437353971962615,
    "sentKBytesPerSec" : 0.35594334112149534
  },
  "HTTP Request" : {
    "transaction" : "HTTP Request",
    "sampleCount" : 1,
    "errorCount" : 0,
    "errorPct" : 0.0,
    "meanResTime" : 321.0,
    "medianResTime" : 321.0,
    "minResTime" : 321.0,
    "maxResTime" : 321.0,
    "pct1ResTime" : 321.0,
    "pct2ResTime" : 321.0,
    "pct3ResTime" : 321.0,
    "throughput" : 3.115264797507788,
    "receivedKBytesPerSec" : 60.437353971962615,
    "sentKBytesPerSec" : 0.35594334112149534
  }
}