{
  "Total" : {
    "transaction" : "Total",
    "sampleCount" : 1,
    "errorCount" : 0,
    "errorPct" : 0.0,
    "meanResTime" : 332.0,
    "medianResTime" : 332.0,
    "minResTime" : 332.0,
    "maxResTime" : 332.0,
    "pct1ResTime" : 332.0,
    "pct2ResTime" : 332.0,
    "pct3ResTime" : 332.0,
    "throughput" : 3.0120481927710845,
    "receivedKBytesPerSec" : 58.39078972138554,
    "sentKBytesPerSec" : 0.34415003765060237
  },
  "HTTP Request" : {
    "transaction" : "HTTP Request",
    "sampleCount" : 1,
    "errorCount" : 0,
    "errorPct" : 0.0,
    "meanResTime" : 332.0,
    "medianResTime" : 332.0,
    "minResTime" : 332.0,
    "maxResTime" : 332.0,
    "pct1ResTime" : 332.0,
    "pct2ResTime" : 332.0,
    "pct3ResTime" : 332.0,
    "throughput" : 3.0120481927710845,
    "receivedKBytesPerSec" : 58.39078972138554,
    "sentKBytesPerSec" : 0.34415003765060237
  }
}