{
  "Total" : {
    "transaction" : "Total",
    "sampleCount" : 1,
    "errorCount" : 0,
    "errorPct" : 0.0,
    "meanResTime" : 334.0,
    "medianResTime" : 334.0,
    "minResTime" : 334.0,
    "maxResTime" : 334.0,
    "pct1ResTime" : 334.0,
    "pct2ResTime" : 334.0,
    "pct3ResTime" : 334.0,
    "throughput" : 2.9940119760479043,
    "receivedKBytesPerSec" : 58.00313435628742,
    "sentKBytesPerSec" : 0.3420892589820359
  },
  "HTTP Request" : {
    "transaction" : "HTTP Request",
    "sampleCount" : 1,
    "errorCount" : 0,
    "errorPct" : 0.0,
    "meanResTime" : 334.0,
    "medianResTime" : 334.0,
    "minResTime" : 334.0,
    "maxResTime" : 334.0,
    "pct1ResTime" : 334.0,
    "pct2ResTime" : 334.0,
    "pct3ResTime" : 334.0,
    "throughput" : 2.9940119760479043,
    "receivedKBytesPerSec" : 58.00313435628742,
    "sentKBytesPerSec" : 0.3420892589820359
  }
}