{
  "Total" : {
    "transaction" : "Total",
    "sampleCount" : 1,
    "errorCount" : 0,
    "errorPct" : 0.0,
    "meanResTime" : 331.0,
    "medianResTime" : 331.0,
    "minResTime" : 331.0,
    "maxResTime" : 331.0,
    "pct1ResTime" : 331.0,
    "pct2ResTime" : 331.0,
    "pct3ResTime" : 331.0,
    "throughput" : 3.0211480362537766,
    "receivedKBytesPerSec" : 58.64095543806646,
    "sentKBytesPerSec" : 0.3451897658610272
  },
  "HTTP Request" : {
    "transaction" : "HTTP Request",
    "sampleCount" : 1,
    "errorCount" : 0,
    "errorPct" : 0.0,
    "meanResTime" : 331.0,
    "medianResTime" : 331.0,
    "minResTime" : 331.0,
    "maxResTime" : 331.0,
    "pct1ResTime" : 331.0,
    "pct2ResTime" : 331.0,
    "pct3ResTime" : 331.0,
    "throughput" : 3.0211480362537766,
    "receivedKBytesPerSec" : 58.64095543806646,
    "sentKBytesPerSec" : 0.3451897658610272
  }
}