{
  "Total" : {
    "transaction" : "Total",
    "sampleCount" : 1,
    "errorCount" : 0,
    "errorPct" : 0.0,
    "meanResTime" : 382.0,
    "medianResTime" : 382.0,
    "minResTime" : 382.0,
    "maxResTime" : 382.0,
    "pct1ResTime" : 382.0,
    "pct2ResTime" : 382.0,
    "pct3ResTime" : 382.0,
    "throughput" : 2.617801047120419,
    "receivedKBytesPerSec" : 53.12551128926702,
    "sentKBytesPerSec" : 0.3042171138743455
  },
  "HTTP Request" : {
    "transaction" : "HTTP Request",
    "sampleCount" : 1,
    "errorCount" : 0,
    "errorPct" : 0.0,
    "meanResTime" : 382.0,
    "medianResTime" : 382.0,
    "minResTime" : 382.0,
    "maxResTime" : 382.0,
    "pct1ResTime" : 382.0,
    "pct2ResTime" : 382.0,
    "pct3ResTime" : 382.0,
    "throughput" : 2.617801047120419,
    "receivedKBytesPerSec" : 53.12551128926702,
    "sentKBytesPerSec" : 0.3042171138743455
  }
}