{
  "Total" : {
    "transaction" : "Total",
    "sampleCount" : 1,
    "errorCount" : 0,
    "errorPct" : 0.0,
    "meanResTime" : 441.0,
    "medianResTime" : 441.0,
    "minResTime" : 441.0,
    "maxResTime" : 441.0,
    "pct1ResTime" : 441.0,
    "pct2ResTime" : 441.0,
    "pct3ResTime" : 441.0,
    "throughput" : 2.2675736961451247,
    "receivedKBytesPerSec" : 43.88995181405895,
    "sentKBytesPerSec" : 0.2590880102040816
  },
  "HTTP Request" : {
    "transaction" : "HTTP Request",
    "sampleCount" : 1,
    "errorCount" : 0,
    "errorPct" : 0.0,
    "meanResTime" : 441.0,
    "medianResTime" : 441.0,
    "minResTime" : 441.0,
    "maxResTime" : 441.0,
    "pct1ResTime" : 441.0,
    "pct2ResTime" : 441.0,
    "pct3ResTime" : 441.0,
    "throughput" : 2.2675736961451247,
    "receivedKBytesPerSec" : 43.88995181405895,
    "sentKBytesPerSec" : 0.2590880102040816
  }
}