{
  "Total" : {
    "transaction" : "Total",
    "sampleCount" : 1,
    "errorCount" : 0,
    "errorPct" : 0.0,
    "meanResTime" : 417.0,
    "medianResTime" : 417.0,
    "minResTime" : 417.0,
    "maxResTime" : 417.0,
    "pct1ResTime" : 417.0,
    "pct2ResTime" : 417.0,
    "pct3ResTime" : 417.0,
    "throughput" : 2.398081534772182,
    "receivedKBytesPerSec" : 46.33402652877698,
    "sentKBytesPerSec" : 0.27399955035971224
  },
  "HTTP Request" : {
    "transaction" : "HTTP Request",
    "sampleCount" : 1,
    "errorCount" : 0,
    "errorPct" : 0.0,
    "meanResTime" : 417.0,
    "medianResTime" : 417.0,
    "minResTime" : 417.0,
    "maxResTime" : 417.0,
    "pct1ResTime" : 417.0,
    "pct2ResTime" : 417.0,
    "pct3ResTime" : 417.0,
    "throughput" : 2.398081534772182,
    "receivedKBytesPerSec" : 46.33402652877698,
    "sentKBytesPerSec" : 0.27399955035971224
  }
}