{
  "Total" : {
    "transaction" : "Total",
    "sampleCount" : 1,
    "errorCount" : 0,
    "errorPct" : 0.0,
    "meanResTime" : 341.0,
    "medianResTime" : 341.0,
    "minResTime" : 341.0,
    "maxResTime" : 341.0,
    "pct1ResTime" : 341.0,
    "pct2ResTime" : 341.0,
    "pct3ResTime" : 341.0,
    "throughput" : 2.932551319648094,
    "receivedKBytesPerSec" : 56.64348881964809,
    "sentKBytesPerSec" : 0.3407945381231671
  },
  "HTTP Request" : {
    "transaction" : "HTTP Request",
    "sampleCount" : 1,
    "errorCount" : 0,
    "errorPct" : 0.0,
    "meanResTime" : 341.0,
    "medianResTime" : 341.0,
    "minResTime" : 341.0,
    "maxResTime" : 341.0,
    "pct1ResTime" : 341.0,
    "pct2ResTime" : 341.0,
    "pct3ResTime" : 341.0,
    "throughput" : 2.932551319648094,
    "receivedKBytesPerSec" : 56.64348881964809,
    "sentKBytesPerSec" : 0.3407945381231671
  }
}