{
  "Total" : {
    "transaction" : "Total",
    "sampleCount" : 1,
    "errorCount" : 0,
    "errorPct" : 0.0,
    "meanResTime" : 374.0,
    "medianResTime" : 374.0,
    "minResTime" : 374.0,
    "maxResTime" : 374.0,
    "pct1ResTime" : 374.0,
    "pct2ResTime" : 374.0,
    "pct3ResTime" : 374.0,
    "throughput" : 2.6737967914438503,
    "receivedKBytesPerSec" : 51.52019969919786,
    "sentKBytesPerSec" : 0.30550217245989303
  },
  "HTTP Request" : {
    "transaction" : "HTTP Request",
    "sampleCount" : 1,
    "errorCount" : 0,
    "errorPct" : 0.0,
    "meanResTime" : 374.0,
    "medianResTime" : 374.0,
    "minResTime" : 374.0,
    "maxResTime" : 374.0,
    "pct1ResTime" : 374.0,
    "pct2ResTime" : 374.0,
    "pct3ResTime" : 374.0,
    "throughput" : 2.6737967914438503,
    "receivedKBytesPerSec" : 51.52019969919786,
    "sentKBytesPerSec" : 0.30550217245989303
  }
}