{
  "Total" : {
    "transaction" : "Total",
    "sampleCount" : 1,
    "errorCount" : 0,
    "errorPct" : 0.0,
    "meanResTime" : 453.0,
    "medianResTime" : 453.0,
    "minResTime" : 453.0,
    "maxResTime" : 453.0,
    "pct1ResTime" : 453.0,
    "pct2ResTime" : 453.0,
    "pct3ResTime" : 453.0,
    "throughput" : 2.207505518763797,
    "receivedKBytesPerSec" : 42.654008002207505,
    "sentKBytesPerSec" : 0.25222475165562913
  },
  "HTTP Request" : {
    "transaction" : "HTTP Request",
    "sampleCount" : 1,
    "errorCount" : 0,
    "errorPct" : 0.0,
    "meanResTime" : 453.0,
    "medianResTime" : 453.0,
    "minResTime" : 453.0,
    "maxResTime" : 453.0,
    "pct1ResTime" : 453.0,
    "pct2ResTime" : 453.0,
    "pct3ResTime" : 453.0,
    "throughput" : 2.207505518763797,
    "receivedKBytesPerSec" : 42.654008002207505,
    "sentKBytesPerSec" : 0.25222475165562913
  }
}