{
  "Total" : {
    "transaction" : "Total",
    "sampleCount" : 1,
    "errorCount" : 0,
    "errorPct" : 0.0,
    "meanResTime" : 420.0,
    "medianResTime" : 420.0,
    "minResTime" : 420.0,
    "maxResTime" : 420.0,
    "pct1ResTime" : 420.0,
    "pct2ResTime" : 420.0,
    "pct3ResTime" : 420.0,
    "throughput" : 2.3809523809523814,
    "receivedKBytesPerSec" : 48.50492931547619,
    "sentKBytesPerSec" : 0.27669270833333337
  },
  "HTTP Request" : {
    "transaction" : "HTTP Request",
    "sampleCount" : 1,
    "errorCount" : 0,
    "errorPct" : 0.0,
    "meanResTime" : 420.0,
    "medianResTime" : 420.0,
    "minResTime" : 420.0,
    "maxResTime" : 420.0,
    "pct1ResTime" : 420.0,
    "pct2ResTime" : 420.0,
    "pct3ResTime" : 420.0,
    "throughput" : 2.3809523809523814,
    "receivedKBytesPerSec" : 48.50492931547619,
    "sentKBytesPerSec" : 0.27669270833333337
  }
}