{
  "Total" : {
    "transaction" : "Total",
    "sampleCount" : 1,
    "errorCount" : 0,
    "errorPct" : 0.0,
    "meanResTime" : 451.0,
    "medianResTime" : 451.0,
    "minResTime" : 451.0,
    "maxResTime" : 451.0,
    "pct1ResTime" : 451.0,
    "pct2ResTime" : 451.0,
    "pct3ResTime" : 451.0,
    "throughput" : 2.2172949002217295,
    "receivedKBytesPerSec" : 42.849657012195124,
    "sentKBytesPerSec" : 0.2533432649667406
  },
  "HTTP Request" : {
    "transaction" : "HTTP Request",
    "sampleCount" : 1,
    "errorCount" : 0,
    "errorPct" : 0.0,
    "meanResTime" : 451.0,
    "medianResTime" : 451.0,
    "minResTime" : 451.0,
    "maxResTime" : 451.0,
    "pct1ResTime" : 451.0,
    "pct2ResTime" : 451.0,
    "pct3ResTime" : 451.0,
    "throughput" : 2.2172949002217295,
    "receivedKBytesPerSec" : 42.849657012195124,
    "sentKBytesPerSec" : 0.2533432649667406
  }
}