{
  "Total" : {
    "transaction" : "Total",
    "sampleCount" : 1,
    "errorCount" : 0,
    "errorPct" : 0.0,
    "meanResTime" : 393.0,
    "medianResTime" : 393.0,
    "minResTime" : 393.0,
    "maxResTime" : 393.0,
    "pct1ResTime" : 393.0,
    "pct2ResTime" : 393.0,
    "pct3ResTime" : 393.0,
    "throughput" : 2.544529262086514,
    "receivedKBytesPerSec" : 49.185949427480914,
    "sentKBytesPerSec" : 0.29073234732824427
  },
  "HTTP Request" : {
    "transaction" : "HTTP Request",
    "sampleCount" : 1,
    "errorCount" : 0,
    "errorPct" : 0.0,
    "meanResTime" : 393.0,
    "medianResTime" : 393.0,
    "minResTime" : 393.0,
    "maxResTime" : 393.0,
    "pct1ResTime" : 393.0,
    "pct2ResTime" : 393.0,
    "pct3ResTime" : 393.0,
    "throughput" : 2.544529262086514,
    "receivedKBytesPerSec" : 49.185949427480914,
    "sentKBytesPerSec" : 0.29073234732824427
  }
}