{
  "Total" : {
    "transaction" : "Total",
    "sampleCount" : 1,
    "errorCount" : 0,
    "errorPct" : 0.0,
    "meanResTime" : 340.0,
    "medianResTime" : 340.0,
    "minResTime" : 340.0,
    "maxResTime" : 340.0,
    "pct1ResTime" : 340.0,
    "pct2ResTime" : 340.0,
    "pct3ResTime" : 340.0,
    "throughput" : 2.941176470588235,
    "receivedKBytesPerSec" : 57.04848345588235,
    "sentKBytesPerSec" : 0.3360523897058823
  },
  "HTTP Request" : {
    "transaction" : "HTTP Request",
    "sampleCount" : 1,
    "errorCount" : 0,
    "errorPct" : 0.0,
    "meanResTime" : 340.0,
    "medianResTime" : 340.0,
    "minResTime" : 340.0,
    "maxResTime" : 340.0,
    "pct1ResTime" : 340.0,
    "pct2ResTime" : 340.0,
    "pct3ResTime" : 340.0,
    "throughput" : 2.941176470588235,
    "receivedKBytesPerSec" : 57.04848345588235,
    "sentKBytesPerSec" : 0.3360523897058823
  }
}