{
  "Total" : {
    "transaction" : "Total",
    "sampleCount" : 1,
    "errorCount" : 0,
    "errorPct" : 0.0,
    "meanResTime" : 455.0,
    "medianResTime" : 455.0,
    "minResTime" : 455.0,
    "maxResTime" : 455.0,
    "pct1ResTime" : 455.0,
    "pct2ResTime" : 455.0,
    "pct3ResTime" : 455.0,
    "throughput" : 2.197802197802198,
    "receivedKBytesPerSec" : 42.567393543956044,
    "sentKBytesPerSec" : 0.2511160714285714
  },
  "HTTP Request" : {
    "transaction" : "HTTP Request",
    "sampleCount" : 1,
    "errorCount" : 0,
    "errorPct" : 0.0,
    "meanResTime" : 455.0,
    "medianResTime" : 455.0,
    "minResTime" : 455.0,
    "maxResTime" : 455.0,
    "pct1ResTime" : 455.0,
    "pct2ResTime" : 455.0,
    "pct3ResTime" : 455.0,
    "throughput" : 2.197802197802198,
    "receivedKBytesPerSec" : 42.567393543956044,
    "sentKBytesPerSec" : 0.2511160714285714
  }
}