{
  "Total" : {
    "transaction" : "Total",
    "sampleCount" : 1,
    "errorCount" : 0,
    "errorPct" : 0.0,
    "meanResTime" : 517.0,
    "medianResTime" : 517.0,
    "minResTime" : 517.0,
    "maxResTime" : 517.0,
    "pct1ResTime" : 517.0,
    "pct2ResTime" : 517.0,
    "pct3ResTime" : 517.0,
    "throughput" : 1.9342359767891684,
    "receivedKBytesPerSec" : 37.32659876692456,
    "sentKBytesPerSec" : 0.22100157156673114
  },
  "HTTP Request" : {
    "transaction" : "HTTP Request",
    "sampleCount" : 1,
    "errorCount" : 0,
    "errorPct" : 0.0,
    "meanResTime" : 517.0,
    "medianResTime" : 517.0,
    "minResTime" : 517.0,
    "maxResTime" : 517.0,
    "pct1ResTime" : 517.0,
    "pct2ResTime" : 517.0,
    "pct3ResTime" : 517.0,
    "throughput" : 1.9342359767891684,
    "receivedKBytesPerSec" : 37.32659876692456,
    "sentKBytesPerSec" : 0.22100157156673114
  }
}