{
  "Total" : {
    "transaction" : "Total",
    "sampleCount" : 1,
    "errorCount" : 0,
    "errorPct" : 0.0,
    "meanResTime" : 329.0,
    "medianResTime" : 329.0,
    "minResTime" : 329.0,
    "maxResTime" : 329.0,
    "pct1ResTime" : 329.0,
    "pct2ResTime" : 329.0,
    "pct3ResTime" : 329.0,
    "throughput" : 3.0395136778115504,
    "receivedKBytesPerSec" : 58.65608377659574,
    "sentKBytesPerSec" : 0.3472881838905775
  },
  "HTTP Request" : {
    "transaction" : "HTTP Request",
    "sampleCount" : 1,
    "errorCount" : 0,
    "errorPct" : 0.0,
    "meanResTime" : 329.0,
    "medianResTime" : 329.0,
    "minResTime" : 329.0,
    "maxResTime" : 329.0,
    "pct1ResTime" : 329.0,
    "pct2ResTime" : 329.0,
    "pct3ResTime" : 329.0,
    "throughput" : 3.0395136778115504,
    "receivedKBytesPerSec" : 58.65608377659574,
    "sentKBytesPerSec" : 0.3472881838905775
  }
}