{
  "Total" : {
    "transaction" : "Total",
    "sampleCount" : 1,
    "errorCount" : 0,
    "errorPct" : 0.0,
    "meanResTime" : 446.0,
    "medianResTime" : 446.0,
    "minResTime" : 446.0,
    "maxResTime" : 446.0,
    "pct1ResTime" : 446.0,
    "pct2ResTime" : 446.0,
    "pct3ResTime" : 446.0,
    "throughput" : 2.242152466367713,
    "receivedKBytesPerSec" : 43.32565512892376,
    "sentKBytesPerSec" : 0.2561834360986547
  },
  "HTTP Request" : {
    "transaction" : "HTTP Request",
    "sampleCount" : 1,
    "errorCount" : 0,
    "errorPct" : 0.0,
    "meanResTime" : 446.0,
    "medianResTime" : 446.0,
    "minResTime" : 446.0,
    "maxResTime" : 446.0,
    "pct1ResTime" : 446.0,
    "pct2ResTime" : 446.0,
    "pct3ResTime" : 446.0,
    "throughput" : 2.242152466367713,
    "receivedKBytesPerSec" : 43.32565512892376,
    "sentKBytesPerSec" : 0.2561834360986547
  }
}