{
  "Total" : {
    "transaction" : "Total",
    "sampleCount" : 1,
    "errorCount" : 0,
    "errorPct" : 0.0,
    "meanResTime" : 342.0,
    "medianResTime" : 342.0,
    "minResTime" : 342.0,
    "maxResTime" : 342.0,
    "pct1ResTime" : 342.0,
    "pct2ResTime" : 342.0,
    "pct3ResTime" : 342.0,
    "throughput" : 2.923976608187134,
    "receivedKBytesPerSec" : 56.415044773391806,
    "sentKBytesPerSec" : 0.3340871710526315
  },
  "HTTP Request" : {
    "transaction" : "HTTP Request",
    "sampleCount" : 1,
    "errorCount" : 0,
    "errorPct" : 0.0,
    "meanResTime" : 342.0,
    "medianResTime" : 342.0,
    "minResTime" : 342.0,
    "maxResTime" : 342.0,
    "pct1ResTime" : 342.0,
    "pct2ResTime" : 342.0,
    "pct3ResTime" : 342.0,
    "throughput" : 2.923976608187134,
    "receivedKBytesPerSec" : 56.415044773391806,
    "sentKBytesPerSec" : 0.3340871710526315
  }
}