{
  "Total" : {
    "transaction" : "Total",
    "sampleCount" : 1,
    "errorCount" : 0,
    "errorPct" : 0.0,
    "meanResTime" : 337.0,
    "medianResTime" : 337.0,
    "minResTime" : 337.0,
    "maxResTime" : 337.0,
    "pct1ResTime" : 337.0,
    "pct2ResTime" : 337.0,
    "pct3ResTime" : 337.0,
    "throughput" : 2.967359050445104,
    "receivedKBytesPerSec" : 60.29186758160237,
    "sentKBytesPerSec" : 0.3448395771513353
  },
  "HTTP Request" : {
    "transaction" : "HTTP Request",
    "sampleCount" : 1,
    "errorCount" : 0,
    "errorPct" : 0.0,
    "meanResTime" : 337.0,
    "medianResTime" : 337.0,
    "minResTime" : 337.0,
    "maxResTime" : 337.0,
    "pct1ResTime" : 337.0,
    "pct2ResTime" : 337.0,
    "pct3ResTime" : 337.0,
    "throughput" : 2.967359050445104,
    "receivedKBytesPerSec" : 60.29186758160237,
    "sentKBytesPerSec" : 0.3448395771513353
  }
}