{
  "Total" : {
    "transaction" : "Total",
    "sampleCount" : 1,
    "errorCount" : 0,
    "errorPct" : 0.0,
    "meanResTime" : 415.0,
    "medianResTime" : 415.0,
    "minResTime" : 415.0,
    "maxResTime" : 415.0,
    "pct1ResTime" : 415.0,
    "pct2ResTime" : 415.0,
    "pct3ResTime" : 415.0,
    "throughput" : 2.4096385542168677,
    "receivedKBytesPerSec" : 46.5737951807229,
    "sentKBytesPerSec" : 0.28002635542168675
  },
  "HTTP Request" : {
    "transaction" : "HTTP Request",
    "sampleCount" : 1,
    "errorCount" : 0,
    "errorPct" : 0.0,
    "meanResTime" : 415.0,
    "medianResTime" : 415.0,
    "minResTime" : 415.0,
    "maxResTime" : 415.0,
    "pct1ResTime" : 415.0,
    "pct2ResTime" : 415.0,
    "pct3ResTime" : 415.0,
    "throughput" : 2.4096385542168677,
    "receivedKBytesPerSec" : 46.5737951807229,
    "sentKBytesPerSec" : 0.28002635542168675
  }
}