{
  "Total" : {
    "transaction" : "Total",
    "sampleCount" : 1,
    "errorCount" : 0,
    "errorPct" : 0.0,
    "meanResTime" : 313.0,
    "medianResTime" : 313.0,
    "minResTime" : 313.0,
    "maxResTime" : 313.0,
    "pct1ResTime" : 313.0,
    "pct2ResTime" : 313.0,
    "pct3ResTime" : 313.0,
    "throughput" : 3.1948881789137378,
    "receivedKBytesPerSec" : 61.79487819488818,
    "sentKBytesPerSec" : 0.36504093450479236
  },
  "HTTP Request" : {
    "transaction" : "HTTP Request",
    "sampleCount" : 1,
    "errorCount" : 0,
    "errorPct" : 0.0,
    "meanResTime" : 313.0,
    "medianResTime" : 313.0,
    "minResTime" : 313.0,
    "maxResTime" : 313.0,
    "pct1ResTime" : 313.0,
    "pct2ResTime" : 313.0,
    "pct3ResTime" : 313.0,
    "throughput" : 3.1948881789137378,
    "receivedKBytesPerSec" : 61.79487819488818,
    "sentKBytesPerSec" : 0.36504093450479236
  }
}