{
  "Total" : {
    "transaction" : "Total",
    "sampleCount" : 1,
    "errorCount" : 0,
    "errorPct" : 0.0,
    "meanResTime" : 431.0,
    "medianResTime" : 431.0,
    "minResTime" : 431.0,
    "maxResTime" : 431.0,
    "pct1ResTime" : 431.0,
    "pct2ResTime" : 431.0,
    "pct3ResTime" : 431.0,
    "throughput" : 2.320185614849188,
    "receivedKBytesPerSec" : 44.80858468677494,
    "sentKBytesPerSec" : 0.26509933294663574
  },
  "HTTP Request" : {
    "transaction" : "HTTP Request",
    "sampleCount" : 1,
    "errorCount" : 0,
    "errorPct" : 0.0,
    "meanResTime" : 431.0,
    "medianResTime" : 431.0,
    "minResTime" : 431.0,
    "maxResTime" : 431.0,
    "pct1ResTime" : 431.0,
    "pct2ResTime" : 431.0,
    "pct3ResTime" : 431.0,
    "throughput" : 2.320185614849188,
    "receivedKBytesPerSec" : 44.80858468677494,
    "sentKBytesPerSec" : 0.26509933294663574
  }
}