{
  "Total" : {
    "transaction" : "Total",
    "sampleCount" : 1,
    "errorCount" : 0,
    "errorPct" : 0.0,
    "meanResTime" : 335.0,
    "medianResTime" : 335.0,
    "minResTime" : 335.0,
    "maxResTime" : 335.0,
    "pct1ResTime" : 335.0,
    "pct2ResTime" : 335.0,
    "pct3ResTime" : 335.0,
    "throughput" : 2.985074626865672,
    "receivedKBytesPerSec" : 57.78626399253731,
    "sentKBytesPerSec" : 0.34106809701492535
  },
  "HTTP Request" : {
    "transaction" : "HTTP Request",
    "sampleCount" : 1,
    "errorCount" : 0,
    "errorPct" : 0.0,
    "meanResTime" : 335.0,
    "medianResTime" : 335.0,
    "minResTime" : 335.0,
    "maxResTime" : 335.0,
    "pct1ResTime" : 335.0,
    "pct2ResTime" : 335.0,
    "pct3ResTime" : 335.0,
    "throughput" : 2.985074626865672,
    "receivedKBytesPerSec" : 57.78626399253731,
    "sentKBytesPerSec" : 0.34106809701492535
  }
}