{
  "Total" : {
    "transaction" : "Total",
    "sampleCount" : 1,
    "errorCount" : 0,
    "errorPct" : 0.0,
    "meanResTime" : 357.0,
    "medianResTime" : 357.0,
    "minResTime" : 357.0,
    "maxResTime" : 357.0,
    "pct1ResTime" : 357.0,
    "pct2ResTime" : 357.0,
    "pct3ResTime" : 357.0,
    "throughput" : 2.8011204481792715,
    "receivedKBytesPerSec" : 54.310005252100844,
    "sentKBytesPerSec" : 0.3200498949579832
  },
  "HTTP Request" : {
    "transaction" : "HTTP Request",
    "sampleCount" : 1,
    "errorCount" : 0,
    "errorPct" : 0.0,
    "meanResTime" : 357.0,
    "medianResTime" : 357.0,
    "minResTime" : 357.0,
    "maxResTime" : 357.0,
    "pct1ResTime" : 357.0,
    "pct2ResTime" : 357.0,
    "pct3ResTime" : 357.0,
    "throughput" : 2.8011204481792715,
    "receivedKBytesPerSec" : 54.310005252100844,
    "sentKBytesPerSec" : 0.3200498949579832
  }
}