{
  "Total" : {
    "transaction" : "Total",
    "sampleCount" : 1,
    "errorCount" : 0,
    "errorPct" : 0.0,
    "meanResTime" : 350.0,
    "medianResTime" : 350.0,
    "minResTime" : 350.0,
    "maxResTime" : 350.0,
    "pct1ResTime" : 350.0,
    "pct2ResTime" : 350.0,
    "pct3ResTime" : 350.0,
    "throughput" : 2.857142857142857,
    "receivedKBytesPerSec" : 55.15904017857143,
    "sentKBytesPerSec" : 0.3264508928571429
  },
  "HTTP Request" : {
    "transaction" : "HTTP Request",
    "sampleCount" : 1,
    "errorCount" : 0,
    "errorPct" : 0.0,
    "meanResTime" : 350.0,
    "medianResTime" : 350.0,
    "minResTime" : 350.0,
    "maxResTime" : 350.0,
    "pct1ResTime" : 350.0,
    "pct2ResTime" : 350.0,
    "pct3ResTime" : 350.0,
    "throughput" : 2.857142857142857,
    "receivedKBytesPerSec" : 55.15904017857143,
    "sentKBytesPerSec" : 0.3264508928571429
  }
}