{
  "Total" : {
    "transaction" : "Total",
    "sampleCount" : 1,
    "errorCount" : 0,
    "errorPct" : 0.0,
    "meanResTime" : 279.0,
    "medianResTime" : 279.0,
    "minResTime" : 279.0,
    "maxResTime" : 279.0,
    "pct1ResTime" : 279.0,
    "pct2ResTime" : 279.0,
    "pct3ResTime" : 279.0,
    "throughput" : 3.5842293906810037,
    "receivedKBytesPerSec" : 69.27643369175627,
    "sentKBytesPerSec" : 0.4095262096774193
  },
  "HTTP Request" : {
    "transaction" : "HTTP Request",
    "sampleCount" : 1,
    "errorCount" : 0,
    "errorPct" : 0.0,
    "meanResTime" : 279.0,
    "medianResTime" : 279.0,
    "minResTime" : 279.0,
    "maxResTime" : 279.0,
    "pct1ResTime" : 279.0,
    "pct2ResTime" : 279.0,
    "pct3ResTime" : 279.0,
    "throughput" : 3.5842293906810037,
    "receivedKBytesPerSec" : 69.27643369175627,
    "sentKBytesPerSec" : 0.4095262096774193
  }
}