{
  "Total" : {
    "transaction" : "Total",
    "sampleCount" : 1,
    "errorCount" : 0,
    "errorPct" : 0.0,
    "meanResTime" : 327.0,
    "medianResTime" : 327.0,
    "minResTime" : 327.0,
    "maxResTime" : 327.0,
    "pct1ResTime" : 327.0,
    "pct2ResTime" : 327.0,
    "pct3ResTime" : 327.0,
    "throughput" : 3.058103975535168,
    "receivedKBytesPerSec" : 59.256737385321095,
    "sentKBytesPerSec" : 0.3494122706422018
  },
  "HTTP Request" : {
    "transaction" : "HTTP Request",
    "sampleCount" : 1,
    "errorCount" : 0,
    "errorPct" : 0.0,
    "meanResTime" : 327.0,
    "medianResTime" : 327.0,
    "minResTime" : 327.0,
    "maxResTime" : 327.0,
    "pct1ResTime" : 327.0,
    "pct2ResTime" : 327.0,
    "pct3ResTime" : 327.0,
    "throughput" : 3.058103975535168,
    "receivedKBytesPerSec" : 59.256737385321095,
    "sentKBytesPerSec" : 0.3494122706422018
  }
}