{
  "Total" : {
    "transaction" : "Total",
    "sampleCount" : 1,
    "errorCount" : 0,
    "errorPct" : 0.0,
    "meanResTime" : 391.0,
    "medianResTime" : 391.0,
    "minResTime" : 391.0,
    "maxResTime" : 391.0,
    "pct1ResTime" : 391.0,
    "pct2ResTime" : 391.0,
    "pct3ResTime" : 391.0,
    "throughput" : 2.557544757033248,
    "receivedKBytesPerSec" : 51.82275015984654,
    "sentKBytesPerSec" : 0.29721467391304346
  },
  "HTTP Request" : {
    "transaction" : "HTTP Request",
    "sampleCount" : 1,
    "errorCount" : 0,
    "errorPct" : 0.0,
    "meanResTime" : 391.0,
    "medianResTime" : 391.0,
    "minResTime" : 391.0,
    "maxResTime" : 391.0,
    "pct1ResTime" : 391.0,
    "pct2ResTime" : 391.0,
    "pct3ResTime" : 391.0,
    "throughput" : 2.557544757033248,
    "receivedKBytesPerSec" : 51.82275015984654,
    "sentKBytesPerSec" : 0.29721467391304346
  }
}