{
  "Total" : {
    "transaction" : "Total",
    "sampleCount" : 1,
    "errorCount" : 0,
    "errorPct" : 0.0,
    "meanResTime" : 372.0,
    "medianResTime" : 372.0,
    "minResTime" : 372.0,
    "maxResTime" : 372.0,
    "pct1ResTime" : 372.0,
    "pct2ResTime" : 372.0,
    "pct3ResTime" : 372.0,
    "throughput" : 2.688172043010753,
    "receivedKBytesPerSec" : 51.965200772849464,
    "sentKBytesPerSec" : 0.3071446572580645
  },
  "HTTP Request" : {
    "transaction" : "HTTP Request",
    "sampleCount" : 1,
    "errorCount" : 0,
    "errorPct" : 0.0,
    "meanResTime" : 372.0,
    "medianResTime" : 372.0,
    "minResTime" : 372.0,
    "maxResTime" : 372.0,
    "pct1ResTime" : 372.0,
    "pct2ResTime" : 372.0,
    "pct3ResTime" : 372.0,
    "throughput" : 2.688172043010753,
    "receivedKBytesPerSec" : 51.965200772849464,
    "sentKBytesPerSec" : 0.3071446572580645
  }
}