{
  "Total" : {
    "transaction" : "Total",
    "sampleCount" : 1,
    "errorCount" : 0,
    "errorPct" : 0.0,
    "meanResTime" : 388.0,
    "medianResTime" : 388.0,
    "minResTime" : 388.0,
    "maxResTime" : 388.0,
    "pct1ResTime" : 388.0,
    "pct2ResTime" : 388.0,
    "pct3ResTime" : 388.0,
    "throughput" : 2.577319587628866,
    "receivedKBytesPerSec" : 49.668774162371136,
    "sentKBytesPerSec" : 0.2944788981958763
  },
  "HTTP Request" : {
    "transaction" : "HTTP Request",
    "sampleCount" : 1,
    "errorCount" : 0,
    "errorPct" : 0.0,
    "meanResTime" : 388.0,
    "medianResTime" : 388.0,
    "minResTime" : 388.0,
    "maxResTime" : 388.0,
    "pct1ResTime" : 388.0,
    "pct2ResTime" : 388.0,
    "pct3ResTime" : 388.0,
    "throughput" : 2.577319587628866,
    "receivedKBytesPerSec" : 49.668774162371136,
    "sentKBytesPerSec" : 0.2944788981958763
  }
}