{
  "Total" : {
    "transaction" : "Total",
    "sampleCount" : 1,
    "errorCount" : 0,
    "errorPct" : 0.0,
    "meanResTime" : 402.0,
    "medianResTime" : 402.0,
    "minResTime" : 402.0,
    "maxResTime" : 402.0,
    "pct1ResTime" : 402.0,
    "pct2ResTime" : 402.0,
    "pct3ResTime" : 402.0,
    "throughput" : 2.487562189054726,
    "receivedKBytesPerSec" : 48.16250777363184,
    "sentKBytesPerSec" : 0.28422341417910446
  },
  "HTTP Request" : {
    "transaction" : "HTTP Request",
    "sampleCount" : 1,
    "errorCount" : 0,
    "errorPct" : 0.0,
    "meanResTime" : 402.0,
    "medianResTime" : 402.0,
    "minResTime" : 402.0,
    "maxResTime" : 402.0,
    "pct1ResTime" : 402.0,
    "pct2ResTime" : 402.0,
    "pct3ResTime" : 402.0,
    "throughput" : 2.487562189054726,
    "receivedKBytesPerSec" : 48.16250777363184,
    "sentKBytesPerSec" : 0.28422341417910446
  }
}