{
  "Total" : {
    "transaction" : "Total",
    "sampleCount" : 1,
    "errorCount" : 0,
    "errorPct" : 0.0,
    "meanResTime" : 371.0,
    "medianResTime" : 371.0,
    "minResTime" : 371.0,
    "maxResTime" : 371.0,
    "pct1ResTime" : 371.0,
    "pct2ResTime" : 371.0,
    "pct3ResTime" : 371.0,
    "throughput" : 2.6954177897574128,
    "receivedKBytesPerSec" : 52.205293969002696,
    "sentKBytesPerSec" : 0.3079725404312669
  },
  "HTTP Request" : {
    "transaction" : "HTTP Request",
    "sampleCount" : 1,
    "errorCount" : 0,
    "errorPct" : 0.0,
    "meanResTime" : 371.0,
    "medianResTime" : 371.0,
    "minResTime" : 371.0,
    "maxResTime" : 371.0,
    "pct1ResTime" : 371.0,
    "pct2ResTime" : 371.0,
    "pct3ResTime" : 371.0,
    "throughput" : 2.6954177897574128,
    "receivedKBytesPerSec" : 52.205293969002696,
    "sentKBytesPerSec" : 0.3079725404312669
  }
}