{
  "Total" : {
    "transaction" : "Total",
    "sampleCount" : 1,
    "errorCount" : 0,
    "errorPct" : 0.0,
    "meanResTime" : 284.0,
    "medianResTime" : 284.0,
    "minResTime" : 284.0,
    "maxResTime" : 284.0,
    "pct1ResTime" : 284.0,
    "pct2ResTime" : 284.0,
    "pct3ResTime" : 284.0,
    "throughput" : 3.5211267605633805,
    "receivedKBytesPerSec" : 68.32842759683099,
    "sentKBytesPerSec" : 0.4023162411971831
  },
  "HTTP Request" : {
    "transaction" : "HTTP Request",
    "sampleCount" : 1,
    "errorCount" : 0,
    "errorPct" : 0.0,
    "meanResTime" : 284.0,
    "medianResTime" : 284.0,
    "minResTime" : 284.0,
    "maxResTime" : 284.0,
    "pct1ResTime" : 284.0,
    "pct2ResTime" : 284.0,
    "pct3ResTime" : 284.0,
    "throughput" : 3.5211267605633805,
    "receivedKBytesPerSec" : 68.32842759683099,
    "sentKBytesPerSec" : 0.4023162411971831
  }
}