{
  "Total" : {
    "transaction" : "Total",
    "sampleCount" : 1,
    "errorCount" : 0,
    "errorPct" : 0.0,
    "meanResTime" : 412.0,
    "medianResTime" : 412.0,
    "minResTime" : 412.0,
    "maxResTime" : 412.0,
    "pct1ResTime" : 412.0,
    "pct2ResTime" : 412.0,
    "pct3ResTime" : 412.0,
    "throughput" : 2.4271844660194173,
    "receivedKBytesPerSec" : 46.84655643203884,
    "sentKBytesPerSec" : 0.27732478762135926
  },
  "HTTP Request" : {
    "transaction" : "HTTP Request",
    "sampleCount" : 1,
    "errorCount" : 0,
    "errorPct" : 0.0,
    "meanResTime" : 412.0,
    "medianResTime" : 412.0,
    "minResTime" : 412.0,
    "maxResTime" : 412.0,
    "pct1ResTime" : 412.0,
    "pct2ResTime" : 412.0,
    "pct3ResTime" : 412.0,
    "throughput" : 2.4271844660194173,
    "receivedKBytesPerSec" : 46.84655643203884,
    "sentKBytesPerSec" : 0.27732478762135926
  }
}